epoch,time,train/box_loss,train/cls_loss,train/dfl_loss,metrics/precision(B),metrics/recall(B),metrics/mAP50(B),metrics/mAP50-95(B),val/box_loss,val/cls_loss,val/dfl_loss,lr/pg0,lr/pg1,lr/pg2
1,35.7609,5.58138,93.3151,3.34,0,0,0,0,5.53622,99.8308,3.20969,0.000388889,0.000388889,0.000388889
2,41.1759,5.30498,25.1516,2.89847,0,0,0,0,6.8024,20.246,2.36353,0.000797581,0.000797581,0.000797581
3,47.9292,3.86008,2.47721,1.87374,0.00074,0.00152,0,0,3.73236,4.46056,1.42919,0.00119802,0.00119802,0.00119802
4,54.3986,3.39493,1.76415,1.50256,0.04003,0.11321,0.02122,0.00582,3.14741,3.8021,1.30188,0.00121287,0.00121287,0.00121287
5,60.6379,3.08022,1.56436,1.36284,0.04949,0.25643,0.14108,0.04722,2.62042,3.15377,1.18046,0.0012005,0.0012005,0.0012005
6,67.4385,2.84903,1.39162,1.14421,0.05503,0.43854,0.17955,0.06881,2.24939,2.74933,1.00986,0.00118812,0.00118812,0.00118812
7,73.2074,2.57979,1.27986,1.02457,0.04926,0.50137,0.17044,0.06073,2.32782,2.47194,1.06244,0.00117575,0.00117575,0.00117575
8,80.1809,2.39976,1.21142,0.99141,0.69467,0.18346,0.20041,0.09022,1.99283,2.10311,0.99218,0.00116337,0.00116337,0.00116337
9,86.0084,2.31536,1.18597,0.96715,0.68414,0.21429,0.22263,0.0943,2.08597,1.48541,0.98412,0.001151,0.001151,0.001151
10,93.2289,2.15523,1.13078,0.95297,0.93918,0.19858,0.21326,0.07613,2.30748,1.32192,1.01482,0.00113863,0.00113863,0.00113863
11,99.152,2.1015,1.11986,0.9383,0.71057,0.21283,0.23664,0.09365,2.11707,1.20913,0.95903,0.00112625,0.00112625,0.00112625
12,105.625,2.1187,1.10283,0.91501,0.96002,0.21614,0.25344,0.11051,1.93712,1.12076,0.95205,0.00111388,0.00111388,0.00111388
13,111.573,2.03451,1.05684,0.89634,0.95514,0.21496,0.252,0.10743,2.01234,1.16396,0.97008,0.0011015,0.0011015,0.0011015
14,118.217,2.0266,1.07396,0.9096,0.46423,0.27786,0.28205,0.12363,1.89871,1.07928,0.95599,0.00108913,0.00108913,0.00108913
15,124.894,1.98398,1.03322,0.88842,0.47853,0.28716,0.29519,0.14908,1.72456,1.03647,0.92776,0.00107675,0.00107675,0.00107675
16,131.915,1.88044,1.00581,0.89885,0.51036,0.28542,0.29742,0.16102,1.58343,0.98386,0.9078,0.00106437,0.00106437,0.00106437
17,137.783,1.87719,1.03776,0.89867,0.8331,0.26786,0.30559,0.16841,1.49806,0.98442,0.90503,0.001052,0.001052,0.001052
18,145.031,1.78347,0.9628,0.88664,0.52091,0.3609,0.35069,0.17386,1.65846,0.94896,0.92973,0.00103962,0.00103962,0.00103962
19,151.088,1.85151,0.97544,0.88297,0.55167,0.35871,0.36217,0.17644,1.73648,1.01313,0.92614,0.00102725,0.00102725,0.00102725
20,157.678,1.78918,0.94835,0.88522,0.56051,0.41444,0.3692,0.19209,1.62538,0.90636,0.89628,0.00101488,0.00101488,0.00101488
21,164.031,1.94403,0.95473,0.87834,0.56447,0.41413,0.37972,0.1773,1.77454,0.99043,0.92843,0.0010025,0.0010025,0.0010025
22,169.769,1.81782,0.96694,0.87408,0.67776,0.39751,0.399,0.22891,1.47293,0.87887,0.88425,0.000990125,0.000990125,0.000990125
23,176.359,1.77297,0.92846,0.86201,0.66419,0.46232,0.45191,0.22572,1.6243,0.90853,0.90657,0.00097775,0.00097775,0.00097775
24,182.102,1.75565,0.88456,0.86139,0.6837,0.45102,0.4726,0.27156,1.38488,0.83207,0.88015,0.000965375,0.000965375,0.000965375
25,188.699,1.68096,0.85528,0.85996,0.77207,0.47525,0.50074,0.29377,1.36491,0.8125,0.87245,0.000953,0.000953,0.000953
26,194.508,1.78119,0.89126,0.86172,0.72025,0.5572,0.53483,0.2444,1.81595,0.9549,0.91989,0.000940625,0.000940625,0.000940625
27,201.172,1.76577,0.89527,0.86688,0.81709,0.56943,0.60718,0.33148,1.50738,0.8171,0.86411,0.00092825,0.00092825,0.00092825
28,207.232,1.65869,0.84174,0.85556,0.80394,0.58419,0.61038,0.35064,1.41593,0.77685,0.87351,0.000915875,0.000915875,0.000915875
29,213.95,1.63182,0.8141,0.85548,0.82365,0.55564,0.61767,0.3628,1.43222,0.85693,0.87484,0.0009035,0.0009035,0.0009035
30,219.953,1.58976,0.79464,0.85583,0.81524,0.61704,0.64458,0.3963,1.27947,0.74049,0.85967,0.000891125,0.000891125,0.000891125
31,226.913,1.61818,0.7782,0.84151,0.85858,0.60785,0.64994,0.38265,1.38733,0.7647,0.87374,0.00087875,0.00087875,0.00087875
32,232.623,1.58774,0.77044,0.84841,0.87251,0.62289,0.66011,0.39733,1.29987,0.72987,0.86272,0.000866375,0.000866375,0.000866375
33,238.835,1.65218,0.77327,0.84368,0.85903,0.58564,0.64098,0.389,1.32027,0.72647,0.85914,0.000854,0.000854,0.000854
34,245.171,1.53093,0.76212,0.84387,0.84825,0.64394,0.65481,0.39943,1.26548,0.70441,0.85914,0.000841625,0.000841625,0.000841625
35,250.958,1.56574,0.81158,0.84534,0.8628,0.62082,0.64786,0.39856,1.29967,0.70901,0.86064,0.00082925,0.00082925,0.00082925
36,257.651,1.4791,0.73327,0.83445,0.89485,0.57357,0.65609,0.41202,1.2133,0.69331,0.85451,0.000816875,0.000816875,0.000816875
37,263.476,1.53747,0.73811,0.83799,0.87832,0.5836,0.66656,0.40402,1.23339,0.69366,0.85725,0.0008045,0.0008045,0.0008045
38,270.057,1.50264,0.71465,0.84003,0.8751,0.55302,0.64986,0.38205,1.2892,0.70811,0.86428,0.000792125,0.000792125,0.000792125
39,275.803,1.41004,0.72868,0.84311,0.85514,0.62919,0.65459,0.40849,1.24511,0.68733,0.84821,0.00077975,0.00077975,0.00077975
40,282.395,1.45339,0.71116,0.82764,0.91369,0.59652,0.66567,0.40583,1.27293,0.68632,0.84882,0.000767375,0.000767375,0.000767375
41,288.41,1.52202,0.72373,0.83321,0.89567,0.6417,0.69589,0.41887,1.22549,0.69551,0.84488,0.000755,0.000755,0.000755
42,294.798,1.50628,0.72246,0.83493,0.9185,0.65135,0.70507,0.42845,1.22314,0.66263,0.83928,0.000742625,0.000742625,0.000742625
43,300.919,1.45924,0.7185,0.83075,0.91625,0.65039,0.68641,0.42699,1.24482,0.65037,0.83196,0.00073025,0.00073025,0.00073025
44,307.561,1.50617,0.70987,0.82775,0.83744,0.64037,0.65643,0.40361,1.22881,0.70202,0.84029,0.000717875,0.000717875,0.000717875
45,313.678,1.44193,0.70236,0.82919,0.88447,0.66757,0.70084,0.43098,1.20209,0.64309,0.82996,0.0007055,0.0007055,0.0007055
46,320.084,1.44891,0.69552,0.82712,0.77298,0.68954,0.71243,0.41591,1.26334,0.68924,0.84941,0.000693125,0.000693125,0.000693125
47,326.392,1.4056,0.69127,0.82864,0.79206,0.67525,0.71692,0.43638,1.19469,0.64348,0.83387,0.00068075,0.00068075,0.00068075
48,332.633,1.38493,0.66203,0.82193,0.74273,0.64877,0.7025,0.44102,1.123,0.63738,0.8343,0.000668375,0.000668375,0.000668375
49,338.993,1.41502,0.67396,0.82293,0.82741,0.67308,0.73735,0.41322,1.28574,0.67568,0.85675,0.000656,0.000656,0.000656
50,344.671,1.42152,0.67682,0.82011,0.80173,0.63685,0.71618,0.42732,1.14988,0.65563,0.83642,0.000643625,0.000643625,0.000643625
51,351.094,1.42295,0.67927,0.83825,0.79819,0.7005,0.7271,0.45972,1.10675,0.61723,0.83076,0.00063125,0.00063125,0.00063125
52,357.204,1.36759,0.6445,0.81118,0.8621,0.69342,0.74843,0.45835,1.09914,0.61024,0.82741,0.000618875,0.000618875,0.000618875
53,363.58,1.39061,0.66263,0.81185,0.80866,0.68645,0.72118,0.44783,1.10661,0.62087,0.82698,0.0006065,0.0006065,0.0006065
54,369.235,1.31999,0.66339,0.8126,0.83915,0.68782,0.7294,0.44765,1.1103,0.60871,0.82259,0.000594125,0.000594125,0.000594125
55,375.962,1.40679,0.67723,0.81094,0.80136,0.71393,0.72331,0.43617,1.19095,0.63219,0.82304,0.00058175,0.00058175,0.00058175
56,381.839,1.41155,0.66575,0.80362,0.80488,0.70109,0.72395,0.40485,1.17223,0.64897,0.83305,0.000569375,0.000569375,0.000569375
57,388.716,1.4007,0.6558,0.81482,0.88552,0.68026,0.7453,0.44424,1.13757,0.61726,0.82673,0.000557,0.000557,0.000557
58,394.794,1.3188,0.66424,0.81461,0.86234,0.7157,0.75848,0.4669,1.06854,0.59726,0.8146,0.000544625,0.000544625,0.000544625
59,400.729,1.35745,0.64101,0.80188,0.86563,0.71596,0.73805,0.45406,1.1054,0.62034,0.8201,0.00053225,0.00053225,0.00053225
60,407.357,1.34425,0.63571,0.814,0.85479,0.72157,0.74662,0.45294,1.10043,0.60326,0.81856,0.000519875,0.000519875,0.000519875
61,413.14,1.33549,0.64729,0.82041,0.86874,0.70883,0.7507,0.45098,1.14064,0.60111,0.81351,0.0005075,0.0005075,0.0005075
62,420.1,1.51803,0.6872,0.80812,0.85174,0.67224,0.71628,0.35366,1.48552,0.70082,0.84777,0.000495125,0.000495125,0.000495125
63,425.791,1.46313,0.67315,0.81679,0.84712,0.68611,0.7412,0.4396,1.24232,0.63878,0.81483,0.00048275,0.00048275,0.00048275
64,431.954,1.49484,0.65734,0.80392,0.85583,0.71946,0.76134,0.46086,1.09692,0.59724,0.81615,0.000470375,0.000470375,0.000470375
65,438.044,1.42695,0.65609,0.81127,0.87951,0.70688,0.733,0.43796,1.16097,0.62531,0.82191,0.000458,0.000458,0.000458
66,444.53,1.36599,0.63126,0.7986,0.84501,0.72873,0.74846,0.47122,1.07478,0.58944,0.80547,0.000445625,0.000445625,0.000445625
67,450.671,1.38272,0.63222,0.79813,0.87353,0.70247,0.74959,0.44672,1.14914,0.60765,0.81728,0.00043325,0.00043325,0.00043325
68,457.333,1.3099,0.62553,0.80258,0.80945,0.71488,0.74002,0.47052,1.07236,0.59479,0.80717,0.000420875,0.000420875,0.000420875
69,463.412,1.3879,0.68852,0.82562,0.87866,0.70864,0.76147,0.45777,1.2089,0.61053,0.81981,0.0004085,0.0004085,0.0004085
70,469.783,1.30453,0.61029,0.7999,0.83126,0.73035,0.75527,0.48469,1.05757,0.57529,0.80512,0.000396125,0.000396125,0.000396125
71,476.192,1.42302,0.63608,0.79376,0.87021,0.68787,0.74236,0.43066,1.19262,0.61224,0.8185,0.00038375,0.00038375,0.00038375
72,482.739,1.36215,0.63019,0.79729,0.82318,0.71558,0.75714,0.46031,1.14375,0.59928,0.81052,0.000371375,0.000371375,0.000371375
73,488.943,1.33594,0.60738,0.79739,0.85788,0.68601,0.74083,0.45466,1.11141,0.58804,0.8107,0.000359,0.000359,0.000359
74,494.686,1.28381,0.61305,0.80249,0.8454,0.74791,0.76129,0.48617,1.05832,0.56503,0.80561,0.000346625,0.000346625,0.000346625
75,501.144,1.32508,0.61922,0.80219,0.82003,0.72965,0.76212,0.47123,1.0902,0.58437,0.80983,0.00033425,0.00033425,0.00033425
76,506.84,1.36567,0.62049,0.78789,0.85421,0.74205,0.76554,0.47487,1.05164,0.5692,0.8077,0.000321875,0.000321875,0.000321875
77,513.408,1.2974,0.59546,0.7936,0.9007,0.69345,0.75405,0.45341,1.09231,0.59562,0.81424,0.0003095,0.0003095,0.0003095
78,519.469,1.24168,0.59448,0.7961,0.8087,0.74966,0.75373,0.48283,1.04466,0.56233,0.80187,0.000297125,0.000297125,0.000297125
79,525.899,1.25526,0.58986,0.79549,0.89106,0.70494,0.75391,0.4587,1.08285,0.57487,0.8116,0.00028475,0.00028475,0.00028475
80,531.85,1.26713,0.60688,0.80005,0.81566,0.74943,0.75701,0.47256,1.04206,0.56892,0.80662,0.000272375,0.000272375,0.000272375
81,538.512,1.25891,0.59792,0.79485,0.88275,0.72492,0.75783,0.47774,1.02475,0.56364,0.80728,0.00026,0.00026,0.00026
82,544.787,1.30843,0.60325,0.79188,0.8815,0.74593,0.76496,0.484,1.02757,0.56111,0.80669,0.000247625,0.000247625,0.000247625
83,551.427,1.29936,0.60804,0.7951,0.85709,0.74942,0.76759,0.47946,1.03307,0.56577,0.80954,0.00023525,0.00023525,0.00023525
84,557.398,1.25836,0.59518,0.80046,0.83315,0.75397,0.76591,0.48131,1.03088,0.56142,0.80591,0.000222875,0.000222875,0.000222875
85,563.4,1.28526,0.59979,0.79543,0.85035,0.73167,0.76158,0.4715,1.0397,0.56768,0.81017,0.0002105,0.0002105,0.0002105
86,569.778,1.26118,0.58773,0.79436,0.86874,0.75004,0.76345,0.48846,1.0225,0.55489,0.80677,0.000198125,0.000198125,0.000198125
87,575.481,1.25036,0.5882,0.79579,0.83561,0.75838,0.76458,0.48303,1.04446,0.55682,0.80743,0.00018575,0.00018575,0.00018575
88,582.123,1.2381,0.59632,0.79878,0.89361,0.71544,0.76422,0.47585,1.03949,0.55466,0.80796,0.000173375,0.000173375,0.000173375
89,588.424,1.30498,0.58828,0.78883,0.85602,0.7611,0.7726,0.48803,1.00473,0.54995,0.80322,0.000161,0.000161,0.000161
90,595.175,1.2274,0.58433,0.79769,0.86322,0.74561,0.76696,0.48154,1.04215,0.55627,0.80868,0.000148625,0.000148625,0.000148625
91,604.648,1.1347,0.63033,0.80926,0.87867,0.76439,0.77295,0.49616,1.05247,0.55919,0.7995,0.00013625,0.00013625,0.00013625
92,611.047,1.16496,0.63035,0.80691,0.85706,0.74934,0.76338,0.49019,1.0068,0.55714,0.79545,0.000123875,0.000123875,0.000123875
93,616.36,1.18228,0.63026,0.79465,0.82069,0.71152,0.74622,0.46499,1.06497,0.58463,0.80307,0.0001115,0.0001115,0.0001115
94,622.687,1.15341,0.62279,0.7995,0.80786,0.72587,0.74583,0.46205,1.08731,0.59149,0.80245,9.9125e-05,9.9125e-05,9.9125e-05
95,627.752,1.14886,0.61229,0.78965,0.8832,0.71164,0.76047,0.4844,1.03707,0.56713,0.79318,8.675e-05,8.675e-05,8.675e-05
96,634.17,1.11393,0.59544,0.79515,0.88415,0.70948,0.76181,0.48653,1.03134,0.56114,0.79163,7.4375e-05,7.4375e-05,7.4375e-05
97,639.353,1.09997,0.58885,0.78512,0.89581,0.71112,0.76031,0.48924,1.01208,0.5576,0.79152,6.2e-05,6.2e-05,6.2e-05
98,645.668,1.08944,0.58076,0.78304,0.89279,0.71355,0.7645,0.49067,1.01594,0.55705,0.79169,4.9625e-05,4.9625e-05,4.9625e-05
99,651.24,1.1166,0.58974,0.79067,0.88615,0.72347,0.76612,0.49314,1.01767,0.55788,0.79212,3.725e-05,3.725e-05,3.725e-05
100,656.258,1.13064,0.59716,0.79262,0.88963,0.72312,0.76643,0.48832,1.02053,0.55628,0.79212,2.4875e-05,2.4875e-05,2.4875e-05
