image,side,status,held_out_points,held_median_m,held_median_px,size_dependent_median_m,goal_area_width_error_cm
121364_3_10_png.rf.a1132a45c17e85411ae28beea0ba95c4.jpg,right,fewer than 4 box corners labelled,,,,,
121364_3_11_png.rf.d4af76857fc41c1be40d91e0e82f86c8.jpg,right,fewer than 4 box corners labelled,,,,,
121364_3_12_png.rf.11657f4d3420be34055562762036ceb3.jpg,left,fewer than 4 box corners labelled,,,,,
121364_3_13_png.rf.07e0e14df754411634a4852fe145379f.jpg,left,fewer than 4 box corners labelled,,,,,
121364_3_14_png.rf.304b78c1054b46e443eb0b211c3aea91.jpg,left,fewer than 4 box corners labelled,,,,,
121364_3_15_png.rf.22380028a6ae2768128ddf7884732518.jpg,left,ok,7.0,0.41065233379130334,4.973890430779193,0.6156501039048944,0.5737135083524691
121364_3_1_png.rf.03b09c072de098b4bdbb4a9de8fbad6c.jpg,left,fewer than 4 box corners labelled,,,,,
121364_3_2_png.rf.32bf3f030e41dfff4479ad5f86bdce34.jpg,left,fewer than 4 box corners labelled,,,,,
121364_3_3_png.rf.037efb77aeedd9319af67f0799a305e0.jpg,left,fewer than 4 box corners labelled,,,,,
121364_3_5_png.rf.7f38a51ac1d58c719f790371f2ad64af.jpg,left,fewer than 4 box corners labelled,,,,,
121364_3_7_png.rf.68fe9883182dcac1baaa4da29ad61de6.jpg,left,fewer than 4 box corners labelled,,,,,
121364_3_8_png.rf.5bd19481eb0c3b770eb8d229018aff15.jpg,left,fewer than 4 box corners labelled,,,,,
121364_3_9_png.rf.a13050295029a92173b6e79eb429bd77.jpg,left,fewer than 4 box corners labelled,,,,,
121364_4_10_png.rf.ab9a2497de53414481a81af8dcedb9b0.jpg,left,ok,7.0,0.34462340728578333,2.939190006216678,0.5824679533392051,-29.173213647441898
121364_4_11_png.rf.48d769e6e44c7c695bb8a78e8393af30.jpg,left,ok,7.0,0.3468461510971412,5.111249879569302,1.2420431750089838,17.95150514563808
121364_4_12_png.rf.ba6a0202daae001fb71020f68b56cd78.jpg,left,fewer than 4 box corners labelled,,,,,
121364_4_15_png.rf.513f61ee0197387c5b9ebb1cb64ab813.jpg,left,fewer than 4 box corners labelled,,,,,
121364_4_1_png.rf.62ccedbdc101e818e17d293b1cfb5a94.jpg,left,ok,7.0,0.33090213332844987,2.190820036890974,0.20534502966414164,3.495584516038619
121364_4_2_png.rf.3eeee26512b67b9deb336905731ecce1.jpg,left,ok,7.0,0.18836677011616337,1.832081286100362,0.7465310488435625,-10.26377897161943
121364_4_3_png.rf.464bc79e14072930102ec3d8ac082c3a.jpg,left,ok,7.0,0.3121414265105116,2.0539372071125377,0.38640553557368323,1.4440144048453618
121364_4_4_png.rf.7ff84d33442048a971bcbe6441f8dffb.jpg,left,ok,7.0,0.24895041847821348,2.8842423911167674,0.49034355432364485,-22.56863762149095
121364_4_5_png.rf.fbc2205871a9c8b66e1ff629b9f9997e.jpg,left,ok,7.0,0.13879174550479367,1.6823849591765956,0.4309885940135364,4.2616882746663975
121364_4_6_png.rf.358278cdfa0caa2a9e244087da474e47.jpg,left,ok,7.0,0.32339556398736047,4.369195597826408,0.3018580747757905,8.75157304950065
121364_4_7_png.rf.f72cfce09e240be30fa9d4042746a6ac.jpg,left,ok,7.0,0.7431155360399627,3.747703631935119,0.8230467930668905,23.833495920121095
121364_4_8_png.rf.74e63923e4639fc3314cdaa6cb195a4c.jpg,left,ok,7.0,0.4157849467675945,3.996023205299597,0.9535739987712926,-6.3446701453163
121364_4_9_png.rf.2afc6871f5c2ce1d2f65b7a635232040.jpg,left,ok,7.0,0.4267551245340809,3.2886379718404326,0.8135663744935938,-13.641917133818993
121364_7_10_png.rf.ae5d2212cb22cfc10ee4224122a52399.jpg,left,fewer than 4 box corners labelled,,,,,
121364_7_1_png.rf.b523f63a5eeae5b36c616902791a82e0.jpg,right,fewer than 4 box corners labelled,,,,,
121364_7_2_png.rf.25540a799b0e55750a7aee55cac3b182.jpg,right,fewer than 4 box corners labelled,,,,,
121364_7_3_png.rf.8970a4a680ef3d5b3f52f76233a4b474.jpg,right,fewer than 4 box corners labelled,,,,,
121364_7_4_png.rf.fb341c0558c43138abe978d491941f5c.jpg,right,fewer than 4 box corners labelled,,,,,
121364_7_8_png.rf.b9a485edea6126dc7049bd87683bc3c5.jpg,right,fewer than 4 box corners labelled,,,,,
121364_7_9_png.rf.3e19af2510a9d499edea9eb532dccd3c.jpg,right,fewer than 4 box corners labelled,,,,,
121364_9_10_png.rf.ad8754bf79db1003cf8ee4075534f563.jpg,left,fewer than 4 box corners labelled,,,,,
121364_9_1_png.rf.a8e985da3c11999561f27eb335b3eabd.jpg,right,fewer than 4 box corners labelled,,,,,
121364_9_2_png.rf.7582c1c9c4319e0493764c6a734baaf0.jpg,right,fewer than 4 box corners labelled,,,,,
121364_9_3_png.rf.fea1cc422b7cf4c21823b0f6cdddd291.jpg,left,fewer than 4 box corners labelled,,,,,
121364_9_4_png.rf.0f85e37c1157b6870c2c3602cfe08283.jpg,left,fewer than 4 box corners labelled,,,,,
121364_9_5_png.rf.e3f2a813bbe09654a9aecaba594023e2.jpg,left,fewer than 4 box corners labelled,,,,,
121364_9_6_png.rf.47cf0f15d4ab6cd2b5fe3eb14861de15.jpg,left,ok,7.0,0.4054710616957097,4.100057941388539,0.7037517368919595,-13.246993925188022
121364_9_7_png.rf.7cab35f2fc3885d92d4fb5732da3661d.jpg,left,ok,7.0,0.4946238691267028,3.9834740250375975,1.0036158793807026,-34.74148145215317
121364_9_8_png.rf.3bb5446abc9edea8bc7691370476e6c1.jpg,left,fewer than 4 box corners labelled,,,,,
121364_9_9_png.rf.47c8a7c938d28f95437a09307fbaf119.jpg,left,fewer than 4 box corners labelled,,,,,
744b27_3_2_png.rf.71a23c1ebbdf49e58b5721be50b87d81.jpg,left,ok,7.0,0.6846500280892983,4.1930312985497284,0.9565633423010458,-11.91079352506037
744b27_3_4_png.rf.adb14bd645f295ce804f0ed64299d224.jpg,left,ok,7.0,0.6232886202321091,3.592067285013818,1.7009337966240874,-22.57583824825069
744b27_3_5_png.rf.e6d3ed9b8cb888427fcae78db90950e5.jpg,left,ok,7.0,0.37862750894362335,1.8497611467852662,1.3147897620303268,-43.576950315880936
744b27_7_10_png.rf.0890d822f59acf62df21a550f66b25fe.jpg,left,ok,7.0,0.33676886525128097,3.146900911928644,1.343749290723418,36.31273001496709
744b27_7_8_png.rf.04d5a9804c5a33121349bad5e21a2efe.jpg,left,ok,7.0,0.7784125549939994,4.377778927196084,1.7804672140436733,-32.507717295935024
744b27_7_9_png.rf.e2110bcb316dea0470fed82accfcb095.jpg,left,ok,7.0,0.5580377735997656,3.9123127126087556,0.8937961806444572,-4.543852837704776
744b27_9_9_png.rf.7290527bf3861664886a93ba192886ad.jpg,right,fewer than 4 box corners labelled,,,,,
