image,line_from_goal_m,click_error_px,mean_shift_cm,p95_shift_cm
121364_3_15_png.rf.22380028a6ae2768128ddf7884732518.jpg,16.5,1,9.579956670647489,16.891964193559215
121364_3_15_png.rf.22380028a6ae2768128ddf7884732518.jpg,16.5,2,19.475193149423546,32.737338643382316
121364_3_15_png.rf.22380028a6ae2768128ddf7884732518.jpg,16.5,3,28.081120838773824,50.51620993932786
121364_3_15_png.rf.22380028a6ae2768128ddf7884732518.jpg,16.5,4,40.137493127128266,66.53129160319394
121364_3_15_png.rf.22380028a6ae2768128ddf7884732518.jpg,16.5,5,49.20981322430868,82.41274484606465
121364_3_15_png.rf.22380028a6ae2768128ddf7884732518.jpg,30.0,1,11.586351106582113,23.32255345500153
121364_3_15_png.rf.22380028a6ae2768128ddf7884732518.jpg,30.0,2,23.65106070023144,48.725720263569976
121364_3_15_png.rf.22380028a6ae2768128ddf7884732518.jpg,30.0,3,34.37581528755822,72.05727254349145
121364_3_15_png.rf.22380028a6ae2768128ddf7884732518.jpg,30.0,4,46.29581716226928,95.51959414020551
121364_3_15_png.rf.22380028a6ae2768128ddf7884732518.jpg,30.0,5,61.40141876802958,119.16506451596359
121364_4_10_png.rf.ab9a2497de53414481a81af8dcedb9b0.jpg,16.5,1,9.5370382113459,16.8047645427718
121364_4_10_png.rf.ab9a2497de53414481a81af8dcedb9b0.jpg,16.5,2,19.253872853932233,32.57553197168271
121364_4_10_png.rf.ab9a2497de53414481a81af8dcedb9b0.jpg,16.5,3,27.818942244273572,50.297706342565846
121364_4_10_png.rf.ab9a2497de53414481a81af8dcedb9b0.jpg,16.5,4,39.803402222523765,65.98178679170255
121364_4_10_png.rf.ab9a2497de53414481a81af8dcedb9b0.jpg,16.5,5,48.79275797550999,82.57888384274295
121364_4_10_png.rf.ab9a2497de53414481a81af8dcedb9b0.jpg,30.0,1,11.507167267477143,23.247143242291205
121364_4_10_png.rf.ab9a2497de53414481a81af8dcedb9b0.jpg,30.0,2,23.529116842734858,48.384562861573734
121364_4_10_png.rf.ab9a2497de53414481a81af8dcedb9b0.jpg,30.0,3,34.028402583920375,73.44672709607451
121364_4_10_png.rf.ab9a2497de53414481a81af8dcedb9b0.jpg,30.0,4,46.08257851487558,94.89217271346756
121364_4_10_png.rf.ab9a2497de53414481a81af8dcedb9b0.jpg,30.0,5,60.93385886038901,119.07822972944001
121364_4_11_png.rf.48d769e6e44c7c695bb8a78e8393af30.jpg,16.5,1,9.528741422222028,16.79937384092998
121364_4_11_png.rf.48d769e6e44c7c695bb8a78e8393af30.jpg,16.5,2,19.327639805827918,32.44698547975233
121364_4_11_png.rf.48d769e6e44c7c695bb8a78e8393af30.jpg,16.5,3,27.88491916250663,50.19562182447765
121364_4_11_png.rf.48d769e6e44c7c695bb8a78e8393af30.jpg,16.5,4,39.87863383921948,66.1035495682897
121364_4_11_png.rf.48d769e6e44c7c695bb8a78e8393af30.jpg,16.5,5,48.891936980928214,82.27630034130866
121364_4_11_png.rf.48d769e6e44c7c695bb8a78e8393af30.jpg,30.0,1,11.539915542300827,23.27477925727351
121364_4_11_png.rf.48d769e6e44c7c695bb8a78e8393af30.jpg,30.0,2,23.593828654546233,48.7924050250639
121364_4_11_png.rf.48d769e6e44c7c695bb8a78e8393af30.jpg,30.0,3,34.22190477394107,72.79028456539604
121364_4_11_png.rf.48d769e6e44c7c695bb8a78e8393af30.jpg,30.0,4,46.239710501091544,94.97412091547125
121364_4_11_png.rf.48d769e6e44c7c695bb8a78e8393af30.jpg,30.0,5,61.18942222053486,119.33957072226592
121364_4_1_png.rf.62ccedbdc101e818e17d293b1cfb5a94.jpg,16.5,1,8.990438093962723,15.698826658089049
121364_4_1_png.rf.62ccedbdc101e818e17d293b1cfb5a94.jpg,16.5,2,17.982505193277127,30.950881708081113
121364_4_1_png.rf.62ccedbdc101e818e17d293b1cfb5a94.jpg,16.5,3,26.04434759875337,46.85038719659778
121364_4_1_png.rf.62ccedbdc101e818e17d293b1cfb5a94.jpg,16.5,4,37.34521002909737,61.629395369236335
121364_4_1_png.rf.62ccedbdc101e818e17d293b1cfb5a94.jpg,16.5,5,45.73805471163101,77.19023274303466
121364_4_1_png.rf.62ccedbdc101e818e17d293b1cfb5a94.jpg,30.0,1,10.656089044312502,21.960216193743708
121364_4_1_png.rf.62ccedbdc101e818e17d293b1cfb5a94.jpg,30.0,2,21.766351260735203,45.63616273787167
121364_4_1_png.rf.62ccedbdc101e818e17d293b1cfb5a94.jpg,30.0,3,31.414300281919434,68.81779389524743
121364_4_1_png.rf.62ccedbdc101e818e17d293b1cfb5a94.jpg,30.0,4,42.646442541202916,87.87677199571334
121364_4_1_png.rf.62ccedbdc101e818e17d293b1cfb5a94.jpg,30.0,5,56.292760169439376,112.23277161378442
121364_4_2_png.rf.3eeee26512b67b9deb336905731ecce1.jpg,16.5,1,8.80311261588246,15.378704675446874
121364_4_2_png.rf.3eeee26512b67b9deb336905731ecce1.jpg,16.5,2,17.62494165842028,30.26980475235966
121364_4_2_png.rf.3eeee26512b67b9deb336905731ecce1.jpg,16.5,3,25.52132508613982,45.958749177011086
121364_4_2_png.rf.3eeee26512b67b9deb336905731ecce1.jpg,16.5,4,36.58852899524343,60.37945824202815
121364_4_2_png.rf.3eeee26512b67b9deb336905731ecce1.jpg,16.5,5,44.81162216364753,75.58929016804855
121364_4_2_png.rf.3eeee26512b67b9deb336905731ecce1.jpg,30.0,1,10.35820661302258,21.440083052763494
121364_4_2_png.rf.3eeee26512b67b9deb336905731ecce1.jpg,30.0,2,21.08469296227714,44.17804102292732
121364_4_2_png.rf.3eeee26512b67b9deb336905731ecce1.jpg,30.0,3,30.53020464149932,67.10959413578163
121364_4_2_png.rf.3eeee26512b67b9deb336905731ecce1.jpg,30.0,4,41.30663695843968,85.49234272895468
121364_4_2_png.rf.3eeee26512b67b9deb336905731ecce1.jpg,30.0,5,54.62286935595546,109.19263945227343
121364_4_3_png.rf.464bc79e14072930102ec3d8ac082c3a.jpg,16.5,1,8.953679460623215,15.622105754619328
121364_4_3_png.rf.464bc79e14072930102ec3d8ac082c3a.jpg,16.5,2,17.916057652213972,30.786894992625946
121364_4_3_png.rf.464bc79e14072930102ec3d8ac082c3a.jpg,16.5,3,25.946002517164974,46.63165164104719
121364_4_3_png.rf.464bc79e14072930102ec3d8ac082c3a.jpg,16.5,4,37.206225291144875,61.328474410917835
121364_4_3_png.rf.464bc79e14072930102ec3d8ac082c3a.jpg,16.5,5,45.57073161481445,76.76338766425346
121364_4_3_png.rf.464bc79e14072930102ec3d8ac082c3a.jpg,30.0,1,10.536972776973926,21.75070444513535
121364_4_3_png.rf.464bc79e14072930102ec3d8ac082c3a.jpg,30.0,2,21.495426828667625,45.02349293688623
121364_4_3_png.rf.464bc79e14072930102ec3d8ac082c3a.jpg,30.0,3,31.071813181818992,68.18083277837515
121364_4_3_png.rf.464bc79e14072930102ec3d8ac082c3a.jpg,30.0,4,42.12434709024945,86.52812613167158
121364_4_3_png.rf.464bc79e14072930102ec3d8ac082c3a.jpg,30.0,5,55.621674229468965,111.13893923625263
121364_4_4_png.rf.7ff84d33442048a971bcbe6441f8dffb.jpg,16.5,1,8.8170125298008,15.414952163331163
121364_4_4_png.rf.7ff84d33442048a971bcbe6441f8dffb.jpg,16.5,2,17.656340754252366,30.32102224965273
121364_4_4_png.rf.7ff84d33442048a971bcbe6441f8dffb.jpg,16.5,3,25.566764924488336,46.03749184099959
121364_4_4_png.rf.7ff84d33442048a971bcbe6441f8dffb.jpg,16.5,4,36.64939371540125,60.45221530043267
121364_4_4_png.rf.7ff84d33442048a971bcbe6441f8dffb.jpg,16.5,5,44.88650664719769,75.6339062260362
121364_4_4_png.rf.7ff84d33442048a971bcbe6441f8dffb.jpg,30.0,1,10.485077772783011,21.649012472899596
121364_4_4_png.rf.7ff84d33442048a971bcbe6441f8dffb.jpg,30.0,2,21.374361358362748,44.73659759982413
121364_4_4_png.rf.7ff84d33442048a971bcbe6441f8dffb.jpg,30.0,3,30.916239407061894,67.90478566400878
121364_4_4_png.rf.7ff84d33442048a971bcbe6441f8dffb.jpg,30.0,4,41.87951285791034,86.19229300242672
121364_4_4_png.rf.7ff84d33442048a971bcbe6441f8dffb.jpg,30.0,5,55.33814345876815,110.3391477632128
121364_4_5_png.rf.fbc2205871a9c8b66e1ff629b9f9997e.jpg,16.5,1,9.021066534570508,15.745848150523473
121364_4_5_png.rf.fbc2205871a9c8b66e1ff629b9f9997e.jpg,16.5,2,18.05986026071095,31.006470076097568
121364_4_5_png.rf.fbc2205871a9c8b66e1ff629b9f9997e.jpg,16.5,3,26.152660278782992,46.99618676923129
121364_4_5_png.rf.fbc2205871a9c8b66e1ff629b9f9997e.jpg,16.5,4,37.49796735323604,61.80099238247026
121364_4_5_png.rf.fbc2205871a9c8b66e1ff629b9f9997e.jpg,16.5,5,45.93167538329915,77.388168036943
121364_4_5_png.rf.fbc2205871a9c8b66e1ff629b9f9997e.jpg,30.0,1,10.659873649658772,21.973088069299784
121364_4_5_png.rf.fbc2205871a9c8b66e1ff629b9f9997e.jpg,30.0,2,21.76556156933356,45.54711886421606
121364_4_5_png.rf.fbc2205871a9c8b66e1ff629b9f9997e.jpg,30.0,3,31.456482642071744,68.73526003455663
121364_4_5_png.rf.fbc2205871a9c8b66e1ff629b9f9997e.jpg,30.0,4,42.671575614567885,87.57603978119391
121364_4_5_png.rf.fbc2205871a9c8b66e1ff629b9f9997e.jpg,30.0,5,56.30636357261638,112.39377792113422
121364_4_6_png.rf.358278cdfa0caa2a9e244087da474e47.jpg,16.5,1,9.875287444184899,17.265548172072
121364_4_6_png.rf.358278cdfa0caa2a9e244087da474e47.jpg,16.5,2,19.766529585509737,34.012602300316516
121364_4_6_png.rf.358278cdfa0caa2a9e244087da474e47.jpg,16.5,3,28.626094353032993,51.47906346916774
121364_4_6_png.rf.358278cdfa0caa2a9e244087da474e47.jpg,16.5,4,41.038458745562444,67.75791096263123
121364_4_6_png.rf.358278cdfa0caa2a9e244087da474e47.jpg,16.5,5,50.29187204309216,84.9275878965949
121364_4_6_png.rf.358278cdfa0caa2a9e244087da474e47.jpg,30.0,1,11.836559006336886,24.49747576090468
121364_4_6_png.rf.358278cdfa0caa2a9e244087da474e47.jpg,30.0,2,24.205506231779026,50.30586314068247
121364_4_6_png.rf.358278cdfa0caa2a9e244087da474e47.jpg,30.0,3,34.912905123955504,75.89050677827272
121364_4_6_png.rf.358278cdfa0caa2a9e244087da474e47.jpg,30.0,4,47.4515612076216,97.86357762196681
121364_4_6_png.rf.358278cdfa0caa2a9e244087da474e47.jpg,30.0,5,62.53871048193665,124.74165881670896
121364_4_7_png.rf.f72cfce09e240be30fa9d4042746a6ac.jpg,16.5,1,9.711104307625957,17.09540260655869
121364_4_7_png.rf.f72cfce09e240be30fa9d4042746a6ac.jpg,16.5,2,19.532316527502072,33.352229530341546
121364_4_7_png.rf.f72cfce09e240be30fa9d4042746a6ac.jpg,16.5,3,28.250567321166365,51.219998416702296
121364_4_7_png.rf.f72cfce09e240be30fa9d4042746a6ac.jpg,16.5,4,40.43444150603117,67.06094645324488
121364_4_7_png.rf.f72cfce09e240be30fa9d4042746a6ac.jpg,16.5,5,49.56130650861203,83.87888859397775
121364_4_7_png.rf.f72cfce09e240be30fa9d4042746a6ac.jpg,30.0,1,11.707510695328676,23.943015065821495
121364_4_7_png.rf.f72cfce09e240be30fa9d4042746a6ac.jpg,30.0,2,23.89779773291838,49.73809464711665
121364_4_7_png.rf.f72cfce09e240be30fa9d4042746a6ac.jpg,30.0,3,34.524945067428646,75.29131214110085
121364_4_7_png.rf.f72cfce09e240be30fa9d4042746a6ac.jpg,30.0,4,46.7637512612429,96.29670601311531
121364_4_7_png.rf.f72cfce09e240be30fa9d4042746a6ac.jpg,30.0,5,61.85569231816689,122.15608789112937
121364_4_8_png.rf.74e63923e4639fc3314cdaa6cb195a4c.jpg,16.5,1,9.640434220809151,16.957945313807166
121364_4_8_png.rf.74e63923e4639fc3314cdaa6cb195a4c.jpg,16.5,2,19.418800631239026,33.010125641191195
121364_4_8_png.rf.74e63923e4639fc3314cdaa6cb195a4c.jpg,16.5,3,28.075288083606804,50.809082637497866
121364_4_8_png.rf.74e63923e4639fc3314cdaa6cb195a4c.jpg,16.5,4,40.17954853708695,66.53641862527594
121364_4_8_png.rf.74e63923e4639fc3314cdaa6cb195a4c.jpg,16.5,5,49.25599737220165,83.30732290153716
121364_4_8_png.rf.74e63923e4639fc3314cdaa6cb195a4c.jpg,30.0,1,11.531158174462107,23.425774594730612
121364_4_8_png.rf.74e63923e4639fc3314cdaa6cb195a4c.jpg,30.0,2,23.514547936606984,48.978282254998156
121364_4_8_png.rf.74e63923e4639fc3314cdaa6cb195a4c.jpg,30.0,3,34.05212083974488,73.9110988206123
121364_4_8_png.rf.74e63923e4639fc3314cdaa6cb195a4c.jpg,30.0,4,46.03824198801897,95.26616029510559
121364_4_8_png.rf.74e63923e4639fc3314cdaa6cb195a4c.jpg,30.0,5,60.93779527960324,120.01490364665997
121364_4_9_png.rf.2afc6871f5c2ce1d2f65b7a635232040.jpg,16.5,1,9.574654694453164,16.872926989426897
121364_4_9_png.rf.2afc6871f5c2ce1d2f65b7a635232040.jpg,16.5,2,19.338124978177362,32.69091491287199
121364_4_9_png.rf.2afc6871f5c2ce1d2f65b7a635232040.jpg,16.5,3,27.93616315165303,50.4555671122135
121364_4_9_png.rf.2afc6871f5c2ce1d2f65b7a635232040.jpg,16.5,4,39.97115269709674,66.28667662277385
121364_4_9_png.rf.2afc6871f5c2ce1d2f65b7a635232040.jpg,16.5,5,49.00053932792489,82.92311342136614
121364_4_9_png.rf.2afc6871f5c2ce1d2f65b7a635232040.jpg,30.0,1,11.497175632566414,23.270831364992265
121364_4_9_png.rf.2afc6871f5c2ce1d2f65b7a635232040.jpg,30.0,2,23.48392452093349,48.5356845647424
121364_4_9_png.rf.2afc6871f5c2ce1d2f65b7a635232040.jpg,30.0,3,33.999003842829545,73.28050610820378
121364_4_9_png.rf.2afc6871f5c2ce1d2f65b7a635232040.jpg,30.0,4,45.9911614609207,95.08261871522602
121364_4_9_png.rf.2afc6871f5c2ce1d2f65b7a635232040.jpg,30.0,5,60.85563829016236,118.96052993853847
121364_9_6_png.rf.47cf0f15d4ab6cd2b5fe3eb14861de15.jpg,16.5,1,9.818167056928107,17.256009643577528
121364_9_6_png.rf.47cf0f15d4ab6cd2b5fe3eb14861de15.jpg,16.5,2,19.9782666067147,33.47305917462972
121364_9_6_png.rf.47cf0f15d4ab6cd2b5fe3eb14861de15.jpg,16.5,3,28.80440786046764,51.59711163537404
121364_9_6_png.rf.47cf0f15d4ab6cd2b5fe3eb14861de15.jpg,16.5,4,41.179311392987316,67.87531747618395
121364_9_6_png.rf.47cf0f15d4ab6cd2b5fe3eb14861de15.jpg,16.5,5,50.50821545759734,84.1802859862659
121364_9_6_png.rf.47cf0f15d4ab6cd2b5fe3eb14861de15.jpg,30.0,1,11.835144436325393,23.855266487435927
121364_9_6_png.rf.47cf0f15d4ab6cd2b5fe3eb14861de15.jpg,30.0,2,24.173148966177298,50.04765656692074
121364_9_6_png.rf.47cf0f15d4ab6cd2b5fe3eb14861de15.jpg,30.0,3,35.18982561152083,73.76484586084068
121364_9_6_png.rf.47cf0f15d4ab6cd2b5fe3eb14861de15.jpg,30.0,4,47.372475327128434,96.57110472097199
121364_9_6_png.rf.47cf0f15d4ab6cd2b5fe3eb14861de15.jpg,30.0,5,62.74488595077344,122.04916040167019
121364_9_7_png.rf.7cab35f2fc3885d92d4fb5732da3661d.jpg,16.5,1,9.684512127061959,17.078077672669814
121364_9_7_png.rf.7cab35f2fc3885d92d4fb5732da3661d.jpg,16.5,2,19.654787552475657,33.02114704895189
121364_9_7_png.rf.7cab35f2fc3885d92d4fb5732da3661d.jpg,16.5,3,28.35201332273836,51.01152515384751
121364_9_7_png.rf.7cab35f2fc3885d92d4fb5732da3661d.jpg,16.5,4,40.54304548750595,67.19965097084024
121364_9_7_png.rf.7cab35f2fc3885d92d4fb5732da3661d.jpg,16.5,5,49.710339538304694,83.49751432189804
121364_9_7_png.rf.7cab35f2fc3885d92d4fb5732da3661d.jpg,30.0,1,11.638260834667264,23.545430514202295
121364_9_7_png.rf.7cab35f2fc3885d92d4fb5732da3661d.jpg,30.0,2,23.745033565064503,49.49114425358456
121364_9_7_png.rf.7cab35f2fc3885d92d4fb5732da3661d.jpg,30.0,3,34.49990202594215,72.87841319920342
121364_9_7_png.rf.7cab35f2fc3885d92d4fb5732da3661d.jpg,30.0,4,46.50549477334116,95.80745165186582
121364_9_7_png.rf.7cab35f2fc3885d92d4fb5732da3661d.jpg,30.0,5,61.63096227014799,119.84629278389545
744b27_3_2_png.rf.71a23c1ebbdf49e58b5721be50b87d81.jpg,16.5,1,12.42287680030009,21.713109625174702
744b27_3_2_png.rf.71a23c1ebbdf49e58b5721be50b87d81.jpg,16.5,2,24.65126306667625,42.13567839215694
744b27_3_2_png.rf.71a23c1ebbdf49e58b5721be50b87d81.jpg,16.5,3,35.74662432339029,64.1507046132061
744b27_3_2_png.rf.71a23c1ebbdf49e58b5721be50b87d81.jpg,16.5,4,51.36815900940981,85.09101640288091
744b27_3_2_png.rf.71a23c1ebbdf49e58b5721be50b87d81.jpg,16.5,5,62.96332628886709,105.30923444401138
744b27_3_2_png.rf.71a23c1ebbdf49e58b5721be50b87d81.jpg,30.0,1,12.81120375750721,26.167990171310336
744b27_3_2_png.rf.71a23c1ebbdf49e58b5721be50b87d81.jpg,30.0,2,26.110173057055565,52.66160375397517
744b27_3_2_png.rf.71a23c1ebbdf49e58b5721be50b87d81.jpg,30.0,3,37.455212285048866,81.15455181409322
744b27_3_2_png.rf.71a23c1ebbdf49e58b5721be50b87d81.jpg,30.0,4,50.78327393733342,105.7124186663945
744b27_3_2_png.rf.71a23c1ebbdf49e58b5721be50b87d81.jpg,30.0,5,67.50141390973432,135.40796647124418
744b27_3_4_png.rf.adb14bd645f295ce804f0ed64299d224.jpg,16.5,1,13.356736162156738,23.331988360812
744b27_3_4_png.rf.adb14bd645f295ce804f0ed64299d224.jpg,16.5,2,26.451911979232058,45.3107334682403
744b27_3_4_png.rf.adb14bd645f295ce804f0ed64299d224.jpg,16.5,3,38.37454063893568,69.0651426934175
744b27_3_4_png.rf.adb14bd645f295ce804f0ed64299d224.jpg,16.5,4,55.16330940397351,91.32243603091487
744b27_3_4_png.rf.adb14bd645f295ce804f0ed64299d224.jpg,16.5,5,67.65627424044631,113.67509867920354
744b27_3_4_png.rf.adb14bd645f295ce804f0ed64299d224.jpg,30.0,1,13.912984137049586,28.554920184184155
744b27_3_4_png.rf.adb14bd645f295ce804f0ed64299d224.jpg,30.0,2,28.334116702982246,57.837966520006006
744b27_3_4_png.rf.adb14bd645f295ce804f0ed64299d224.jpg,30.0,3,40.57743421866466,88.23127541602045
744b27_3_4_png.rf.adb14bd645f295ce804f0ed64299d224.jpg,30.0,4,55.039625817960975,114.44576835586743
744b27_3_4_png.rf.adb14bd645f295ce804f0ed64299d224.jpg,30.0,5,73.10519447968669,145.83166722589988
744b27_3_5_png.rf.e6d3ed9b8cb888427fcae78db90950e5.jpg,16.5,1,12.177384290044523,21.232671910115446
744b27_3_5_png.rf.e6d3ed9b8cb888427fcae78db90950e5.jpg,16.5,2,24.210878059296164,41.259860864044335
744b27_3_5_png.rf.e6d3ed9b8cb888427fcae78db90950e5.jpg,16.5,3,35.090158830258524,62.874348423310515
744b27_3_5_png.rf.e6d3ed9b8cb888427fcae78db90950e5.jpg,16.5,4,50.428779060598465,83.33064824293932
744b27_3_5_png.rf.e6d3ed9b8cb888427fcae78db90950e5.jpg,16.5,5,61.80696488009025,103.25567368270069
744b27_3_5_png.rf.e6d3ed9b8cb888427fcae78db90950e5.jpg,30.0,1,12.473345398141099,25.345802393974786
744b27_3_5_png.rf.e6d3ed9b8cb888427fcae78db90950e5.jpg,30.0,2,25.361497766336075,51.53758819944008
744b27_3_5_png.rf.e6d3ed9b8cb888427fcae78db90950e5.jpg,30.0,3,36.521901518602725,79.14629528572081
744b27_3_5_png.rf.e6d3ed9b8cb888427fcae78db90950e5.jpg,30.0,4,49.42118499159324,102.03146293357294
744b27_3_5_png.rf.e6d3ed9b8cb888427fcae78db90950e5.jpg,30.0,5,65.66319014646763,132.27671110878447
744b27_7_10_png.rf.0890d822f59acf62df21a550f66b25fe.jpg,16.5,1,14.369304359094151,25.10046422525445
744b27_7_10_png.rf.0890d822f59acf62df21a550f66b25fe.jpg,16.5,2,28.4886235135974,48.689016748655156
744b27_7_10_png.rf.0890d822f59acf62df21a550f66b25fe.jpg,16.5,3,41.31607465527201,74.24408384114642
744b27_7_10_png.rf.0890d822f59acf62df21a550f66b25fe.jpg,16.5,4,59.387139502292825,98.32111343423891
744b27_7_10_png.rf.0890d822f59acf62df21a550f66b25fe.jpg,16.5,5,72.87770173886874,122.56674685692862
744b27_7_10_png.rf.0890d822f59acf62df21a550f66b25fe.jpg,30.0,1,14.870607216337389,30.439925220406614
744b27_7_10_png.rf.0890d822f59acf62df21a550f66b25fe.jpg,30.0,2,30.255529804918158,61.27560679262051
744b27_7_10_png.rf.0890d822f59acf62df21a550f66b25fe.jpg,30.0,3,43.35937155912337,94.34778903883641
744b27_7_10_png.rf.0890d822f59acf62df21a550f66b25fe.jpg,30.0,4,58.819708247677966,123.48329217647026
744b27_7_10_png.rf.0890d822f59acf62df21a550f66b25fe.jpg,30.0,5,78.07536647012292,157.2617009584039
744b27_7_8_png.rf.04d5a9804c5a33121349bad5e21a2efe.jpg,16.5,1,13.074016333807373,22.761356072715166
744b27_7_8_png.rf.04d5a9804c5a33121349bad5e21a2efe.jpg,16.5,2,26.20008186642623,44.65874660560362
744b27_7_8_png.rf.04d5a9804c5a33121349bad5e21a2efe.jpg,16.5,3,37.91026244281625,68.05965196732235
744b27_7_8_png.rf.04d5a9804c5a33121349bad5e21a2efe.jpg,16.5,4,54.390593063024035,89.45062488189676
744b27_7_8_png.rf.04d5a9804c5a33121349bad5e21a2efe.jpg,16.5,5,66.69067968421456,111.85358238518182
744b27_7_8_png.rf.04d5a9804c5a33121349bad5e21a2efe.jpg,30.0,1,13.68990703923135,27.943398964248995
744b27_7_8_png.rf.04d5a9804c5a33121349bad5e21a2efe.jpg,30.0,2,27.97292244959539,55.78341085216402
744b27_7_8_png.rf.04d5a9804c5a33121349bad5e21a2efe.jpg,30.0,3,40.28266947857937,86.52736917750833
744b27_7_8_png.rf.04d5a9804c5a33121349bad5e21a2efe.jpg,30.0,4,54.513646072284445,111.22920084091687
744b27_7_8_png.rf.04d5a9804c5a33121349bad5e21a2efe.jpg,30.0,5,72.35268110060048,144.7881816754003
744b27_7_9_png.rf.e2110bcb316dea0470fed82accfcb095.jpg,16.5,1,12.905149230326339,22.515180105620622
744b27_7_9_png.rf.e2110bcb316dea0470fed82accfcb095.jpg,16.5,2,25.568684136707205,43.705861404624095
744b27_7_9_png.rf.e2110bcb316dea0470fed82accfcb095.jpg,16.5,3,37.08836665485278,66.63795903783425
744b27_7_9_png.rf.e2110bcb316dea0470fed82accfcb095.jpg,16.5,4,53.32012244387188,88.25949977763749
744b27_7_9_png.rf.e2110bcb316dea0470fed82accfcb095.jpg,16.5,5,65.3773201353838,109.8445739604226
744b27_7_9_png.rf.e2110bcb316dea0470fed82accfcb095.jpg,30.0,1,13.20622942557159,26.891055927746883
744b27_7_9_png.rf.e2110bcb316dea0470fed82accfcb095.jpg,30.0,2,26.877770645938952,54.560024146016
744b27_7_9_png.rf.e2110bcb316dea0470fed82accfcb095.jpg,30.0,3,38.55144396623541,83.7519379837095
744b27_7_9_png.rf.e2110bcb316dea0470fed82accfcb095.jpg,30.0,4,52.25989015449115,108.62257187167538
744b27_7_9_png.rf.e2110bcb316dea0470fed82accfcb095.jpg,30.0,5,69.41283529823708,138.90316187294667
