image,status,line_ref_x,line_auto_x,line_error_m,player_pos_error_m,flags_ref,flags_auto,flag_decisions_differ
121364_7_10_png.rf.d612470c8674d649a7a09ef6ce000e72.jpg,ok,36.755430211563315,35.883875073785724,0.871555137777591,1.5566046323704397,5,5,0
121364_7_8_png.rf.c072e410b7aa2eecd5218c56210ced15.jpg,ok,44.021288461773295,46.6647358996238,2.6434474378505044,2.446332269459057,2,2,0
121364_7_9_png.rf.6f3d4bfe60974a7919c516b5fa211f61.jpg,ok,40.217054796775884,41.38997091324149,1.1729161164656077,2.1147579764382374,2,2,0
121364_9_1_png.rf.ae45201a6856d6554f30b095c3d39af8.jpg,ok,46.05920402564446,47.387743235855986,1.3285392102115239,0.8863375571764496,0,0,0
121364_9_2_png.rf.9c9e01157a7f8e56d192f1ab71bc3ee3.jpg,ok,39.7373897748102,39.3730156550061,0.36437411980409706,2.099466152660538,0,0,0
121364_9_3_png.rf.548a964ea2fc377377f64201f3357955.jpg,ok,39.065482398090545,40.2286090802402,1.1631266821496524,1.1028517875759039,0,0,0
121364_9_4_png.rf.0d6a5748544f5fd8336847f35979e7e2.jpg,ok,38.00361003916376,38.71746704361111,0.7138570044473482,1.0123573594249062,0,0,0
121364_9_5_png.rf.17f92a49b43d60fad1264986a68f5232.jpg,ok,34.66269290964428,36.07494938155577,1.4122564719114905,1.7050426094960835,1,1,0
121364_9_6_png.rf.ffaa2df85fea1d062f8a399108d09bd8.jpg,ok,12.60418031697856,12.121874620034635,0.482305696943925,4.869828189238718,2,2,0
121364_9_7_png.rf.18b184279c977168cb2d5a2df5f8d7f2.jpg,ok,1.4916673230386939,2.6401190486990913,1.1484517256603974,3.3544115577990397,0,0,0
121364_9_8_png.rf.3fd18b19e18d5bf23a511bb921721ec7.jpg,ok,2.5596755516844207,2.235229928611477,0.3244456230729438,2.262832672540655,0,0,0
744b27_3_2_png.rf.6699b2511820b889f04f9688b342be9b.jpg,ok,4.909548191838934,0.6509082733805538,4.25863991845838,2.084746063626868,0,0,0
744b27_3_4_png.rf.2249f3beb3ef49deb4eeec1f0b8c26a4.jpg,ok,0.5977483488928891,0.35179465707231156,0.24595369182057752,1.925755087651487,0,0,0
744b27_3_5_png.rf.ad8d20930f605327cf07d41e51e9a6ef.jpg,ok,5.55288583771565,1.9919478547654696,3.56093798295018,3.1202207929432535,1,0,1
744b27_7_10_png.rf.b639ced5d24b2faa5ea19bf9b0fc087c.jpg,ok,11.158450958479234,32.37279628552142,21.21434532704218,22.70572991746373,0,0,0
744b27_9_9_png.rf.b590ac0088fde8cdfa68bdba814fda35.jpg,ok,52.44990432860075,54.51674452577422,2.0668401971734696,2.404127187531815,0,0,0
