index,image
0,121364_7_8_png.rf.c072e410b7aa2eecd5218c56210ced15.jpg
1,121364_7_9_png.rf.6f3d4bfe60974a7919c516b5fa211f61.jpg
2,121364_9_4_png.rf.0d6a5748544f5fd8336847f35979e7e2.jpg
3,121364_9_5_png.rf.17f92a49b43d60fad1264986a68f5232.jpg
4,121364_9_7_png.rf.18b184279c977168cb2d5a2df5f8d7f2.jpg
5,121364_9_8_png.rf.3fd18b19e18d5bf23a511bb921721ec7.jpg
6,573e61_1_10_png.rf.816041d8a3ac3b3242e36fe92850a229.jpg
7,573e61_1_8_png.rf.ed79ed34c9126cb41e45d348c0b8d1b6.jpg
8,573e61_1_9_png.rf.295dfa87016366f8d7b83f4cf93905bb.jpg
9,573e61_3_10_png.rf.d5fbe64195f3694d6bd31044d389b94b.jpg
10,573e61_3_8_png.rf.6cbcd164c7fb08bcec613e508a706202.jpg
11,573e61_5_1_png.rf.d86bf66693c03732b53a23c4ad539ae2.jpg
12,573e61_5_8_png.rf.de1beab2e1d5b92ae06069957a65ac53.jpg
13,573e61_9_10_png.rf.2dc5ac71a97d6e17b767283873e555fc.jpg
14,573e61_9_1_png.rf.77801a643f74043265aa27351787cfdc.jpg
15,573e61_9_2_png.rf.2e27d7ba99bb564fe2b08524758c45c1.jpg
