notebook,run_name,variable_changed,imgsz,batch,mAP50,mAP50_95,ball_P,ball_R,ball_mAP50,ball_mAP50_95,fps,train_min,notes,label,colour
02,baseline_yolo11s_640,none,640,16,0.7459270250994895,0.5088824276125882,0.7392993170747423,0.3103448275862069,0.30500000000000005,0.10988511904761906,46.1077197900349,10.302970572312672,"Stock settings. ultralytics 8.4.163. FPS re-measured in one quiet pass, median of 3 (was 53.1 at end of run).",02 baseline,#8f8e89
02b,baseline_yolo11s_640_seed1,seed 0 -> 1,640,16,0.7492816743311792,0.5014672020015679,0.8642654162735139,0.29310344827586204,0.31413007627293343,0.11521378581735726,46.99211424134371,11.173619449138641,"Noise-floor check: identical to 02 except seed. ultralytics 8.4.163. FPS re-measured in one quiet pass, median of 3 (was 40.3 at end of run).","02b baseline, seed 1",#8f8e89
03,res_yolo11s_1280,imgsz 640 -> 1280,1280,8,0.8448325516816867,0.6292354413945109,0.8391790828692698,0.5399016968798657,0.5660957496734856,0.2982012518580188,31.68190470435387,30.42737679084142,"ultralytics 8.4.163. Batch reduced 16 -> 8 to fit T4 memory: a second variable, confounds the imgsz effect. FPS re-measured in one quiet pass, median of 3 (was 30.4 at end of run).",03 imgsz 1280 (batch 8),#2a78d6
03,res_yolo11s_960,imgsz 640 -> 960,960,16,0.8250960741389105,0.595523381550682,0.9543375617676136,0.5,0.5316519607843138,0.2423882998875825,43.035735249542235,18.69903508424759,"ultralytics 8.4.163. FPS re-measured in one quiet pass, median of 3 (was 39.3 at end of run).",03 imgsz 960,#2a78d6
04a,aug_scale02_yolo11s_640,scale 0.5 -> 0.2,640,16,0.751850018357685,0.502434457288955,0.8906192590893988,0.3275862068965517,0.3347596933510246,0.1296841598481498,45.9514696669822,10.964242402712504,"ultralytics 8.4.163. FPS re-measured in one quiet pass, median of 3 (was 50.5 at end of run).",04a scale 0.2,#2a78d6
04b,aug_scale02_mblur_yolo11s_640,"added MotionBlur(blur_limit 3-7, p 0.3) on top of 04a",640,16,0.729358418858034,0.47465648855386655,0.8615352245242565,0.3220073202885429,0.33048829061405127,0.12674247847451647,43.77508824164658,11.084488463401794,"Compare against 04a. Default albumentations kept. ultralytics 8.4.163. FPS re-measured in one quiet pass, median of 3 (was 47.1 at end of run).",04b 04a + motion blur,#2a78d6
05,p2_yolo11s_640,detection outputs P3-P5 -> P2-P5,640,16,0.6806068101155324,0.4383135945135102,1.0,0.0,0.18277817435296015,0.044576222538964275,43.80225087288335,13.49524009625117,"Custom yolo11-p2.yaml; yolo11s.pt weights transferred where shapes match, new P2 branch and re-indexed head layers start untrained. ultralytics 8.4.163. FPS re-measured in one quiet pass, median of 3 (was 43.7 at end of run).",05 P2 head,#2a78d6
05b,clsw05_yolo11s_640,cls_pw 0 -> 0.5,640,16,0.7534293332852253,0.5045821857605208,0.9025729665251733,0.3196607408670065,0.3608042867142968,0.12688687101012683,44.43415447065232,11.33426497777303,"Value fixed a priori. Goalkeepers are rarer than balls in train, so they get the largest weight; cls_pw is not ball-specific. ultralytics 8.4.163. FPS re-measured in one quiet pass, median of 3 (was 37.9 at end of run).",05b class weights,#2a78d6
05c,ctrl_reinit17_yolo11s_640,layers 17-23 re-initialised (control for 05),640,16,0.6938237204956943,0.4345437344185655,0.760223404607222,0.2188826122981224,0.22997784568372803,0.05979738594738595,48.579248759498604,11.44273134469986,"Control for 05: same architecture as 02, same layers lost as in 05. ultralytics 8.4.163.",05c control: head re-init,#8f8e89
06,sahi_baseline_s960,"sliced inference: 960px native slices, overlap 0.2, + full-frame pass, NMS merge",640,16,0.791561933929118,0.5467672593869807,0.7067303891995331,0.41379310344827586,0.43674132478513716,0.18760912299620125,5.191088527782923,0.0,"Inference only on 02 weights. Slice size chosen on val from [640, 960] by ball mAP50-95. Evaluator check on test, full-frame: bc.evaluate_predictions mAP50 0.7376 vs model.val 0.7459. ultralytics 8.4.163. FPS re-measured in one quiet pass, median of 3 (was 5.7 at end of run).",06 SAHI 960 on 02,#2a78d6
